,qid,query
1000,839-3,What are the key components of information collection by the federal government?
1001,839-4,How does the federal government analyze information?
1002,839-5,What methods does the federal government use to deliver information?
1003,839-6,How is information interpreted by federal agencies?
1004,839-7,What is constitutional due process?
1005,839-8,How does constitutional due process protect individuals in the context of government information activities?
1006,839-9,What are the implications of government information activities on individual rights?
1007,839-10,What legal frameworks govern the federal government's information activities?
1008,97-1,What were the key historical events that led to the formation of the Democratic and Republican parties in the United States?
1009,97-2,How have the platforms and ideologies of the Democratic and Republican parties evolved over time?
1010,97-3,"What role do third parties play in the US political system, and how have they influenced the major parties?"
1011,97-4,"How do structural elements, such as electoral systems and campaign finance, shape competition between US political parties?"
1012,97-5,What are the main ideological differences between the Democratic and Republican parties today?
1013,97-6,How do the dynamics of US political parties compare to political parties in other democratic nations?
1014,97-7,What factors contribute to the stability or volatility of party systems in the United States?
1015,97-8,How have demographic changes in the US influenced the evolution of political parties?
1016,97-9,What are the major challenges faced by third parties in the US political landscape?
1017,97-10,In what ways do political parties in the US differ from those in parliamentary systems?
1018,838-1,What are the key factors that influence relationship dynamics?
1019,838-2,How does social media impact relationship dynamics?
1020,838-3,What are the common challenges faced in long-distance relationships?
1021,838-4,What strategies can improve communication in relationships?
1022,838-5,How can couples maintain stability in their relationships?
1023,838-6,What role do leisure activities play in strengthening relationships?
1024,838-7,How can competency in certain skills enhance relationship satisfaction?
1025,838-8,In what ways can image enhancement address social devaluation in relationships?
1026,838-9,What are the psychological effects of social devaluation on relationships?
1027,838-10,What are effective conflict resolution techniques for couples?
